pair_id,sequence_length_a,sequence_length_b,max_local_alignment_score
0,16,16,13
1,16,16,11
2,16,16,9
3,16,16,8
4,16,16,10
5,16,16,12
6,16,16,6
7,16,16,6
8,16,16,14
9,16,16,7
10,16,16,6
11,16,16,8
12,16,16,7
13,16,16,8
14,16,16,7
15,16,16,10
16,16,16,6
17,16,16,7
18,16,16,14
19,16,16,14
20,16,16,8
21,16,16,10
22,16,16,13
23,16,16,10
24,16,16,6
25,16,16,8
26,16,16,10
27,16,16,7
28,16,16,7
29,16,16,9
30,16,16,12
31,16,16,10
32,16,16,14
33,16,16,9
34,16,16,12
35,16,16,12
36,16,16,7
37,16,16,10
38,16,16,10
39,16,16,10
40,16,16,11
41,16,16,9
42,16,16,8
43,16,16,14
44,16,16,9
45,16,16,9
46,16,16,7
47,16,16,12
48,16,16,10
49,16,16,10
50,16,16,8
51,16,16,13
52,16,16,13
53,16,16,8
54,16,16,6
55,16,16,7
56,16,16,15
57,16,16,13
58,16,16,10
59,16,16,10
60,16,16,12
61,16,16,9
62,16,16,9
63,16,16,13
64,16,16,8
65,16,16,10
66,16,16,6
67,16,16,8
68,16,16,10
69,16,16,8
70,16,16,13
71,16,16,9
72,16,16,14
73,16,16,6
74,16,16,9
75,16,16,8
76,16,16,9
77,16,16,5
78,16,16,11
79,16,16,10
80,16,16,13
81,16,16,11
82,16,16,6
83,16,16,14
84,16,16,9
85,16,16,13
86,16,16,6
87,16,16,9
88,16,16,10
89,16,16,9
90,16,16,9
91,16,16,8
92,16,16,11
93,16,16,8
94,16,16,11
95,16,16,7
96,16,16,8
97,16,16,9
98,16,16,8
99,16,16,8
100,16,16,9
101,16,16,9
102,16,16,7
103,16,16,8
104,16,16,9
105,16,16,8
106,16,16,8
107,16,16,11
108,16,16,8
109,16,16,7
110,16,16,7
111,16,16,7
112,16,16,10
113,16,16,10
114,16,16,10
115,16,16,7
116,16,16,14
117,16,16,13
118,16,16,12
119,16,16,9
120,16,16,6
121,16,16,12
122,16,16,11
123,16,16,10
124,16,16,10
125,16,16,12
126,16,16,8
127,16,16,8
128,16,16,8
129,16,16,7
130,16,16,12
131,16,16,10
132,16,16,9
133,16,16,11
134,16,16,10
135,16,16,8
136,16,16,11
137,16,16,11
138,16,16,6
139,16,16,11
140,16,16,11
141,16,16,8
142,16,16,13
143,16,16,9
144,16,16,14
145,16,16,13
146,16,16,11
147,16,16,10
148,16,16,9
149,16,16,11
150,16,16,9
151,16,16,8
152,16,16,5
153,16,16,11
154,16,16,10
155,16,16,6
156,16,16,13
157,16,16,7
158,16,16,15
159,16,16,11
160,16,16,10
161,16,16,11
162,16,16,4
163,16,16,10
164,16,16,8
165,16,16,10
166,16,16,10
167,16,16,8
168,16,16,13
169,16,16,10
170,16,16,9
171,16,16,8
172,16,16,8
173,16,16,7
174,16,16,14
175,16,16,9
176,16,16,10
177,16,16,8
178,16,16,12
179,16,16,8
180,16,16,8
181,16,16,13
182,16,16,10
183,16,16,9
184,16,16,12
185,16,16,11
186,16,16,14
187,16,16,10
188,16,16,8
189,16,16,9
190,16,16,10
191,16,16,8
192,16,16,11
193,16,16,10
194,16,16,9
195,16,16,10
196,16,16,11
197,16,16,7
198,16,16,8
199,16,16,11
200,16,16,8
201,16,16,10
202,16,16,10
203,16,16,13
204,16,16,5
205,16,16,13
206,16,16,11
207,16,16,10
208,16,16,9
209,16,16,10
210,16,16,9
211,16,16,11
212,16,16,9
213,16,16,9
214,16,16,7
215,16,16,8
216,16,16,9
217,16,16,11
218,16,16,7
219,16,16,11
220,16,16,8
221,16,16,7
222,16,16,8
223,16,16,13
224,16,16,9
225,16,16,8
226,16,16,12
227,16,16,13
228,16,16,8
229,16,16,11
230,16,16,8
231,16,16,13
232,16,16,9
233,16,16,10
234,16,16,7
235,16,16,8
236,16,16,9
237,16,16,11
238,16,16,8
239,16,16,8
240,16,16,12
241,16,16,16
242,16,16,9
243,16,16,12
244,16,16,15
245,16,16,7
246,16,16,10
247,16,16,10
248,16,16,10
249,16,16,5
250,16,16,9
251,16,16,6
252,16,16,9
253,16,16,6
254,16,16,11
255,16,16,8
256,16,16,8
257,16,16,8
258,16,16,9
259,16,16,9
260,16,16,9
261,16,16,6
262,16,16,7
263,16,16,12
264,16,16,9
265,16,16,8
266,16,16,14
267,16,16,9
268,16,16,6
269,16,16,7
270,16,16,14
271,16,16,8
272,16,16,6
273,16,16,18
274,16,16,8
275,16,16,13
276,16,16,8
277,16,16,9
278,16,16,11
279,16,16,12
280,16,16,6
281,16,16,10
282,16,16,10
283,16,16,11
284,16,16,21
285,16,16,9
286,16,16,9
287,16,16,10
288,16,16,8
289,16,16,11
290,16,16,9
291,16,16,9
292,16,16,7
293,16,16,10
294,16,16,9
295,16,16,6
296,16,16,7
297,16,16,12
298,16,16,9
299,16,16,9
300,16,16,12
301,16,16,7
302,16,16,7
303,16,16,8
304,16,16,10
305,16,16,10
306,16,16,11
307,16,16,5
308,16,16,7
309,16,16,7
310,16,16,8
311,16,16,5
312,16,16,14
313,16,16,10
314,16,16,8
315,16,16,9
316,16,16,11
317,16,16,7
318,16,16,6
319,16,16,8
320,16,16,8
321,16,16,9
322,16,16,6
323,16,16,11
324,16,16,6
325,16,16,6
326,16,16,12
327,16,16,8
328,16,16,8
329,16,16,11
330,16,16,7
331,16,16,8
332,16,16,6
333,16,16,12
334,16,16,7
335,16,16,7
336,16,16,8
337,16,16,9
338,16,16,10
339,16,16,8
340,16,16,12
341,16,16,10
342,16,16,7
343,16,16,6
344,16,16,8
345,16,16,11
346,16,16,11
347,16,16,9
348,16,16,11
349,16,16,7
350,16,16,9
351,16,16,10
352,16,16,10
353,16,16,6
354,16,16,7
355,16,16,10
356,16,16,7
357,16,16,12
358,16,16,6
359,16,16,6
360,16,16,9
361,16,16,10
362,16,16,15
363,16,16,8
364,16,16,10
365,16,16,6
366,16,16,6
367,16,16,10
368,16,16,11
369,16,16,9
370,16,16,7
371,16,16,8
372,16,16,7
373,16,16,10
374,16,16,8
375,16,16,8
376,16,16,9
377,16,16,7
378,16,16,8
379,16,16,10
380,16,16,10
381,16,16,5
382,16,16,8
383,16,16,12
384,16,16,9
385,16,16,14
386,16,16,11
387,16,16,5
388,16,16,11
389,16,16,10
390,16,16,13
391,16,16,11
392,16,16,8
393,16,16,7
394,16,16,14
395,16,16,9
396,16,16,6
397,16,16,8
398,16,16,8
399,16,16,9
400,16,16,8
401,16,16,9
402,16,16,6
403,16,16,11
404,16,16,16
405,16,16,8
406,16,16,10
407,16,16,7
408,16,16,12
409,16,16,10
410,16,16,8
411,16,16,11
412,16,16,8
413,16,16,7
414,16,16,11
415,16,16,15
416,16,16,12
417,16,16,7
418,16,16,7
419,16,16,9
420,16,16,7
421,16,16,12
422,16,16,12
423,16,16,12
424,16,16,11
425,16,16,13
426,16,16,10
427,16,16,15
428,16,16,14
429,16,16,14
430,16,16,9
431,16,16,8
432,16,16,10
433,16,16,10
434,16,16,15
435,16,16,10
436,16,16,9
437,16,16,8
438,16,16,9
439,16,16,10
440,16,16,8
441,16,16,11
442,16,16,8
443,16,16,8
444,16,16,9
445,16,16,10
446,16,16,10
447,16,16,9
448,16,16,12
449,16,16,9
450,16,16,8
451,16,16,9
452,16,16,7
453,16,16,10
454,16,16,9
455,16,16,11
456,16,16,9
457,16,16,5
458,16,16,10
459,16,16,17
460,16,16,10
461,16,16,11
462,16,16,8
463,16,16,9
464,16,16,7
465,16,16,6
466,16,16,10
467,16,16,12
468,16,16,7
469,16,16,8
470,16,16,12
471,16,16,6
472,16,16,11
473,16,16,7
474,16,16,11
475,16,16,7
476,16,16,10
477,16,16,11
478,16,16,7
479,16,16,8
480,16,16,9
481,16,16,6
482,16,16,8
483,16,16,10
484,16,16,9
485,16,16,10
486,16,16,9
487,16,16,10
488,16,16,12
489,16,16,18
490,16,16,11
491,16,16,10
492,16,16,15
493,16,16,9
494,16,16,9
495,16,16,14
496,16,16,8
497,16,16,10
498,16,16,12
499,16,16,10
500,16,16,11
501,16,16,8
502,16,16,14
503,16,16,11
504,16,16,7
505,16,16,9
506,16,16,7
507,16,16,11
508,16,16,8
509,16,16,13
510,16,16,15
511,16,16,11
512,16,16,8
513,16,16,12
514,16,16,6
515,16,16,12
516,16,16,6
517,16,16,6
518,16,16,7
519,16,16,8
520,16,16,9
521,16,16,12
522,16,16,11
523,16,16,8
524,16,16,13
525,16,16,11
526,16,16,7
527,16,16,10
528,16,16,9
529,16,16,9
530,16,16,9
531,16,16,12
532,16,16,6
533,16,16,8
534,16,16,10
535,16,16,11
536,16,16,11
537,16,16,7
538,16,16,17
539,16,16,17
540,16,16,10
541,16,16,10
542,16,16,12
543,16,16,12
544,16,16,11
545,16,16,9
546,16,16,11
547,16,16,9
548,16,16,11
549,16,16,11
550,16,16,8
551,16,16,11
552,16,16,12
553,16,16,10
554,16,16,7
555,16,16,9
556,16,16,11
557,16,16,9
558,16,16,11
559,16,16,10
560,16,16,7
561,16,16,9
562,16,16,12
563,16,16,10
564,16,16,14
565,16,16,8
566,16,16,6
567,16,16,12
568,16,16,12
569,16,16,9
570,16,16,7
571,16,16,9
572,16,16,6
573,16,16,10
574,16,16,7
575,16,16,8
576,16,16,12
577,16,16,8
578,16,16,12
579,16,16,8
580,16,16,12
581,16,16,7
582,16,16,6
583,16,16,9
584,16,16,8
585,16,16,5
586,16,16,10
587,16,16,6
588,16,16,8
589,16,16,8
590,16,16,7
591,16,16,7
592,16,16,10
593,16,16,6
594,16,16,10
595,16,16,10
596,16,16,13
597,16,16,17
598,16,16,5
599,16,16,9
600,16,16,13
601,16,16,10
602,16,16,9
603,16,16,10
604,16,16,8
605,16,16,13
606,16,16,8
607,16,16,7
608,16,16,10
609,16,16,11
610,16,16,7
611,16,16,10
612,16,16,8
613,16,16,15
614,16,16,8
615,16,16,10
616,16,16,6
617,16,16,10
618,16,16,8
619,16,16,10
620,16,16,10
621,16,16,9
622,16,16,10
623,16,16,13
624,16,16,12
625,16,16,8
626,16,16,10
627,16,16,6
628,16,16,14
629,16,16,9
630,16,16,9
631,16,16,11
632,16,16,10
633,16,16,11
634,16,16,11
635,16,16,8
636,16,16,8
637,16,16,6
638,16,16,11
639,16,16,10
640,16,16,10
641,16,16,11
642,16,16,8
643,16,16,12
644,16,16,11
645,16,16,12
646,16,16,6
647,16,16,9
648,16,16,12
649,16,16,11
650,16,16,11
651,16,16,12
652,16,16,12
653,16,16,11
654,16,16,9
655,16,16,9
656,16,16,12
657,16,16,9
658,16,16,11
659,16,16,15
660,16,16,9
661,16,16,11
662,16,16,9
663,16,16,12
664,16,16,8
665,16,16,9
666,16,16,9
667,16,16,9
668,16,16,9
669,16,16,13
670,16,16,9
671,16,16,8
672,16,16,9
673,16,16,8
674,16,16,9
675,16,16,6
676,16,16,5
677,16,16,9
678,16,16,10
679,16,16,9
680,16,16,8
681,16,16,12
682,16,16,7
683,16,16,9
684,16,16,7
685,16,16,10
686,16,16,12
687,16,16,12
688,16,16,12
689,16,16,10
690,16,16,14
691,16,16,9
692,16,16,9
693,16,16,8
694,16,16,8
695,16,16,5
696,16,16,11
697,16,16,15
698,16,16,8
699,16,16,9
700,16,16,9
701,16,16,13
702,16,16,10
703,16,16,10
704,16,16,10
705,16,16,9
706,16,16,7
707,16,16,8
708,16,16,15
709,16,16,12
710,16,16,7
711,16,16,10
712,16,16,6
713,16,16,14
714,16,16,7
715,16,16,11
716,16,16,10
717,16,16,6
718,16,16,11
719,16,16,8
720,16,16,6
721,16,16,9
722,16,16,9
723,16,16,9
724,16,16,8
725,16,16,9
726,16,16,8
727,16,16,12
728,16,16,11
729,16,16,12
730,16,16,8
731,16,16,6
732,16,16,12
733,16,16,10
734,16,16,7
735,16,16,11
736,16,16,6
737,16,16,8
738,16,16,9
739,16,16,12
740,16,16,11
741,16,16,7
742,16,16,9
743,16,16,9
744,16,16,10
745,16,16,7
746,16,16,13
747,16,16,11
748,16,16,6
749,16,16,11
750,16,16,9
751,16,16,12
752,16,16,9
753,16,16,8
754,16,16,9
755,16,16,9
756,16,16,16
757,16,16,9
758,16,16,7
759,16,16,10
760,16,16,10
761,16,16,10
762,16,16,9
763,16,16,11
764,16,16,9
765,16,16,10
766,16,16,8
767,16,16,10
768,16,16,13
769,16,16,9
770,16,16,10
771,16,16,11
772,16,16,8
773,16,16,8
774,16,16,9
775,16,16,12
776,16,16,14
777,16,16,7
778,16,16,10
779,16,16,16
780,16,16,9
781,16,16,9
782,16,16,14
783,16,16,11
784,16,16,7
785,16,16,13
786,16,16,9
787,16,16,8
788,16,16,10
789,16,16,16
790,16,16,13
791,16,16,6
792,16,16,8
793,16,16,9
794,16,16,12
795,16,16,8
796,16,16,13
797,16,16,9
798,16,16,14
799,16,16,8
800,16,16,8
801,16,16,7
802,16,16,9
803,16,16,10
804,16,16,13
805,16,16,10
806,16,16,9
807,16,16,11
808,16,16,9
809,16,16,14
810,16,16,9
811,16,16,4
812,16,16,8
813,16,16,7
814,16,16,10
815,16,16,12
816,16,16,6
817,16,16,12
818,16,16,7
819,16,16,7
820,16,16,12
821,16,16,12
822,16,16,8
823,16,16,8
824,16,16,7
825,16,16,16
826,16,16,8
827,16,16,10
828,16,16,9
829,16,16,13
830,16,16,6
831,16,16,6
832,16,16,10
833,16,16,8
834,16,16,14
835,16,16,12
836,16,16,9
837,16,16,7
838,16,16,8
839,16,16,8
840,16,16,9
841,16,16,8
842,16,16,10
843,16,16,7
844,16,16,9
845,16,16,13
846,16,16,10
847,16,16,10
848,16,16,9
849,16,16,11
850,16,16,7
851,16,16,10
852,16,16,8
853,16,16,9
854,16,16,9
855,16,16,12
856,16,16,13
857,16,16,9
858,16,16,12
859,16,16,9
860,16,16,13
861,16,16,9
862,16,16,12
863,16,16,8
864,16,16,6
865,16,16,7
866,16,16,13
867,16,16,6
868,16,16,6
869,16,16,10
870,16,16,11
871,16,16,8
872,16,16,16
873,16,16,8
874,16,16,12
875,16,16,17
876,16,16,7
877,16,16,7
878,16,16,8
879,16,16,11
880,16,16,13
881,16,16,11
882,16,16,6
883,16,16,9
884,16,16,8
885,16,16,12
886,16,16,11
887,16,16,9
888,16,16,10
889,16,16,9
890,16,16,13
891,16,16,9
892,16,16,6
893,16,16,9
894,16,16,9
895,16,16,15
896,16,16,12
897,16,16,7
898,16,16,7
899,16,16,12
900,16,16,9
901,16,16,9
902,16,16,9
903,16,16,10
904,16,16,7
905,16,16,11
906,16,16,12
907,16,16,9
908,16,16,7
909,16,16,12
910,16,16,11
911,16,16,8
912,16,16,16
913,16,16,8
914,16,16,6
915,16,16,6
916,16,16,12
917,16,16,12
918,16,16,9
919,16,16,8
920,16,16,9
921,16,16,12
922,16,16,9
923,16,16,13
924,16,16,6
925,16,16,9
926,16,16,6
927,16,16,10
928,16,16,8
929,16,16,10
930,16,16,9
931,16,16,10
932,16,16,9
933,16,16,9
934,16,16,11
935,16,16,11
936,16,16,8
937,16,16,11
938,16,16,12
939,16,16,6
940,16,16,15
941,16,16,8
942,16,16,12
943,16,16,7
944,16,16,8
945,16,16,8
946,16,16,6
947,16,16,9
948,16,16,9
949,16,16,8
950,16,16,6
951,16,16,9
952,16,16,8
953,16,16,8
954,16,16,11
955,16,16,10
956,16,16,8
957,16,16,9
958,16,16,8
959,16,16,8
960,16,16,8
961,16,16,9
962,16,16,10
963,16,16,10
964,16,16,8
965,16,16,11
966,16,16,20
967,16,16,8
968,16,16,7
969,16,16,10
970,16,16,9
971,16,16,10
972,16,16,9
973,16,16,10
974,16,16,8
975,16,16,11
976,16,16,8
977,16,16,11
978,16,16,12
979,16,16,8
980,16,16,8
981,16,16,8
982,16,16,10
983,16,16,8
984,16,16,7
985,16,16,8
986,16,16,14
987,16,16,9
988,16,16,7
989,16,16,11
990,16,16,6
991,16,16,9
992,16,16,16
993,16,16,8
994,16,16,6
995,16,16,10
996,16,16,11
997,16,16,8
998,16,16,10
999,16,16,8
